list_id,pin_id,created_at,updated_at,id
1,3,"2015-03-02 03:38:33.555673","2015-03-02 03:38:33.555673",1
1,4,"2015-03-02 03:41:43.551211","2015-03-02 03:41:43.551211",2
1,5,"2015-03-02 03:42:44.733678","2015-03-02 03:42:44.733678",3
1,6,"2015-03-02 03:44:31.563448","2015-03-02 03:44:31.563448",4
3,7,"2015-03-02 13:08:57.873825","2015-03-02 13:08:57.873825",5
3,8,"2015-03-02 13:11:45.552079","2015-03-02 13:11:45.552079",6
3,9,"2015-03-02 13:15:04.956167","2015-03-02 13:15:04.956167",7
2,10,"2015-03-02 13:17:00.872275","2015-03-02 13:17:00.872275",8
2,11,"2015-03-02 13:17:11.049321","2015-03-02 13:17:11.049321",9
1,12,"2015-03-02 20:38:16.391847","2015-03-02 20:38:16.391847",10
1,14,"2015-03-09 00:57:01.479603","2015-03-09 00:57:01.479603",11
1,16,"2015-03-14 20:55:10.160535","2015-03-14 20:55:10.160535",13
1,17,"2015-03-15 02:06:11.033263","2015-03-15 02:06:11.033263",14
1,22,"2015-03-20 16:22:49.679585","2015-03-20 16:22:49.679585",19
1,23,"2015-03-21 02:17:35.866585","2015-03-21 02:17:35.866585",20
1,24,"2015-03-23 23:54:11.325940","2015-03-23 23:54:11.325940",21
1,25,"2015-03-23 23:54:55.148053","2015-03-23 23:54:55.148053",22
1,26,"2015-03-26 03:02:02.542967","2015-03-26 03:02:02.542967",23
1,28,"2015-03-26 19:36:49.730744","2015-03-26 19:36:49.730744",25
10,29,"2015-04-22 20:23:07.277396","2015-04-22 20:23:07.277396",26
11,32,"2015-05-02 17:33:37.488577","2015-05-02 17:33:37.488577",29
11,33,"2015-05-02 17:38:25.555535","2015-05-02 17:38:25.555535",30
11,34,"2015-05-02 19:19:39.326262","2015-05-02 19:19:39.326262",31
11,35,"2015-05-02 19:21:05.142928","2015-05-02 19:21:05.142928",32
11,36,"2015-05-02 19:22:50.115772","2015-05-02 19:22:50.115772",33
11,37,"2015-05-02 19:25:17.247492","2015-05-02 19:25:17.247492",34
11,38,"2015-05-02 19:26:41.360214","2015-05-02 19:26:41.360214",35
11,39,"2015-05-02 19:37:22.062227","2015-05-02 19:37:22.062227",36
11,40,"2015-05-02 19:38:50.542582","2015-05-02 19:38:50.542582",37
11,41,"2015-05-02 19:40:32.034181","2015-05-02 19:40:32.034181",38
11,42,"2015-05-02 19:50:09.420764","2015-05-02 19:50:09.420764",39
11,43,"2015-05-02 19:52:28.329701","2015-05-02 19:52:28.329701",40
11,44,"2015-05-02 19:57:01.547066","2015-05-02 19:57:01.547066",41
11,45,"2015-05-02 20:01:41.943656","2015-05-02 20:01:41.943656",42
5,49,"2015-05-02 20:11:17.302898","2015-05-02 20:11:17.302898",46
5,50,"2015-05-02 20:13:30.204972","2015-05-02 20:13:30.204972",47
5,51,"2015-05-05 15:59:18.615572","2015-05-05 15:59:18.615572",48
5,52,"2015-05-05 16:00:25.807224","2015-05-05 16:00:25.807224",49
5,53,"2015-05-05 16:02:04.276057","2015-05-05 16:02:04.276057",50
5,54,"2015-05-05 16:03:01.280699","2015-05-05 16:03:01.280699",51
5,55,"2015-05-05 22:11:23.495917","2015-05-05 22:11:23.495917",52
5,56,"2015-05-21 13:52:33.152776","2015-05-21 13:52:33.152776",53
5,57,"2015-05-21 13:56:12.210839","2015-05-21 13:56:12.210839",54
12,58,"2015-05-21 13:58:57.821665","2015-05-21 13:58:57.821665",55
5,61,"2015-05-21 14:02:30.654412","2015-05-21 14:02:30.654412",58
5,62,"2015-05-21 14:05:04.548786","2015-05-21 14:05:04.548786",59
5,63,"2015-05-21 14:42:57.021076","2015-05-21 14:42:57.021076",60
5,64,"2015-05-23 12:00:05.607904","2015-05-23 12:00:05.607904",61
5,66,"2015-05-23 12:32:28.603688","2015-05-23 12:32:28.603688",63
5,67,"2015-05-23 12:33:29.740994","2015-05-23 12:33:29.740994",64
14,68,"2015-05-23 14:01:30.311798","2015-05-23 14:01:30.311798",65
14,69,"2015-05-23 14:02:59.005561","2015-05-23 14:02:59.005561",66
5,70,"2015-05-23 18:15:32.334616","2015-05-23 18:15:32.334616",67
15,71,"2015-05-28 14:58:03.680210","2015-05-28 14:58:03.680210",68
15,72,"2015-05-28 14:58:49.309780","2015-05-28 14:58:49.309780",69
15,73,"2015-05-28 15:00:46.072355","2015-05-28 15:00:46.072355",70
14,74,"2015-05-30 16:13:31.314136","2015-05-30 16:13:31.314136",71
14,75,"2015-06-01 21:23:53.343949","2015-06-01 21:23:53.343949",72
14,76,"2015-06-01 21:24:46.243606","2015-06-01 21:24:46.243606",73
14,77,"2015-06-04 01:53:02.006853","2015-06-04 01:53:02.006853",74
14,79,"2015-06-04 02:37:46.434163","2015-06-04 02:37:46.434163",76
14,80,"2015-06-04 02:39:26.563045","2015-06-04 02:39:26.563045",77
14,81,"2015-06-04 02:43:38.705182","2015-06-04 02:43:38.705182",78
14,82,"2015-06-04 03:05:48.291843","2015-06-04 03:05:48.291843",79
14,83,"2015-06-04 03:07:07.273460","2015-06-04 03:07:07.273460",80
14,84,"2015-06-04 23:56:09.588049","2015-06-04 23:56:09.588049",81
14,85,"2015-06-04 23:57:37.045696","2015-06-04 23:57:37.045696",82
18,99,"2015-09-22 15:53:10.571574","2015-09-22 15:53:10.571574",96
19,100,"2015-09-27 03:27:06.603378","2015-09-27 03:27:06.603378",97
19,101,"2015-09-27 14:02:26.050483","2015-09-27 14:02:26.050483",98
19,102,"2015-09-27 14:08:46.708019","2015-09-27 14:08:46.708019",99
19,103,"2015-09-27 17:27:15.286166","2015-09-27 17:27:15.286166",100
19,104,"2015-09-27 17:29:15.177335","2015-09-27 17:29:15.177335",101
18,105,"2015-09-29 15:31:38.310884","2015-09-29 15:31:38.310884",102
18,106,"2015-10-05 02:05:57.776726","2015-10-05 02:05:57.776726",103
8,107,"2015-11-01 15:02:00.752555","2015-11-01 15:02:00.752555",104
8,108,"2015-11-01 15:04:03.682582","2015-11-01 15:04:03.682582",105
8,109,"2015-11-01 15:09:52.884782","2015-11-01 15:09:52.884782",106
8,110,"2015-11-01 15:11:58.447852","2015-11-01 15:11:58.447852",107
8,111,"2015-11-01 15:14:06.034876","2015-11-01 15:14:06.034876",108
12,112,"2015-11-01 18:53:17.487637","2015-11-01 18:53:17.487637",109
12,113,"2015-11-01 18:54:53.613638","2015-11-01 18:54:53.613638",110
12,114,"2015-11-01 18:56:31.170365","2015-11-01 18:56:31.170365",111
12,115,"2015-11-15 16:11:18.328214","2015-11-15 16:11:18.328214",112
9,116,"2015-11-18 18:56:00.966207","2015-11-18 18:56:00.966207",113
9,117,"2015-11-18 18:59:18.112605","2015-11-18 18:59:18.112605",114
22,119,"2015-11-24 02:05:04.772177","2015-11-24 02:05:04.772177",116
22,120,"2015-11-24 02:06:14.552383","2015-11-24 02:06:14.552383",117
22,121,"2015-11-24 02:09:40.682193","2015-11-24 02:09:40.682193",118
22,122,"2015-11-24 02:10:20.755592","2015-11-24 02:10:20.755592",119
22,123,"2015-11-24 02:11:36.774885","2015-11-24 02:11:36.774885",120
23,124,"2015-11-29 01:38:32.298903","2015-11-29 01:38:32.298903",121
23,125,"2015-11-29 01:55:36.350080","2015-11-29 01:55:36.350080",122
23,126,"2015-11-29 02:03:27.775145","2015-11-29 02:03:27.775145",123
23,127,"2015-11-29 02:06:22.176620","2015-11-29 02:06:22.176620",124
23,128,"2015-11-29 02:09:34.110018","2015-11-29 02:09:34.110018",125
23,129,"2015-11-29 02:22:49.563449","2015-11-29 02:22:49.563449",126
23,130,"2015-11-29 02:27:51.651413","2015-11-29 02:27:51.651413",127
23,131,"2015-11-29 02:33:19.415517","2015-11-29 02:33:19.415517",128
24,132,"2015-11-30 16:09:41.759229","2015-11-30 16:09:41.759229",129
24,133,"2015-11-30 16:12:44.840314","2015-11-30 16:12:44.840314",130
24,134,"2015-11-30 16:13:39.817309","2015-11-30 16:13:39.817309",131
24,135,"2015-11-30 16:14:45.764120","2015-11-30 16:14:45.764120",132
24,136,"2015-11-30 16:41:57.466158","2015-11-30 16:41:57.466158",133
25,137,"2015-11-30 16:43:17.740937","2015-11-30 16:43:17.740937",134
25,138,"2015-11-30 16:49:42.583202","2015-11-30 16:49:42.583202",135
25,139,"2015-11-30 16:51:24.601711","2015-11-30 16:51:24.601711",136
25,142,"2015-11-30 18:02:46.564569","2015-11-30 18:02:46.564569",139
24,143,"2015-11-30 18:47:42.174061","2015-11-30 18:47:42.174061",140
23,144,"2015-11-30 22:19:56.597825","2015-11-30 22:19:56.597825",141
12,145,"2015-12-01 18:20:20.128512","2015-12-01 18:20:20.128512",142
12,146,"2015-12-01 18:21:09.528024","2015-12-01 18:21:09.528024",143
12,147,"2015-12-01 18:23:02.412883","2015-12-01 18:23:02.412883",144
12,148,"2015-12-01 18:27:33.217033","2015-12-01 18:27:33.217033",145
12,149,"2015-12-01 18:28:02.181289","2015-12-01 18:28:02.181289",146
18,150,"2015-12-04 23:06:40.810584","2015-12-04 23:06:40.810584",147
18,151,"2015-12-04 23:09:14.420270","2015-12-04 23:09:14.420270",148
12,152,"2015-12-05 22:58:57.144529","2015-12-05 22:58:57.144529",149
12,153,"2015-12-06 12:22:36.917227","2015-12-06 12:22:36.917227",150
7,154,"2015-12-06 15:41:21.108435","2015-12-06 15:41:21.108435",151
7,155,"2015-12-06 15:43:14.421573","2015-12-06 15:43:14.421573",152
7,156,"2015-12-06 15:44:48.748674","2015-12-06 15:44:48.748674",153
7,157,"2015-12-06 15:45:57.975144","2015-12-06 15:45:57.975144",154
18,159,"2015-12-06 19:15:11.514084","2015-12-06 19:15:11.514084",156
18,160,"2015-12-07 15:34:54.896658","2015-12-07 15:34:54.896658",157
26,161,"2015-12-07 20:37:39.306361","2015-12-07 20:37:39.306361",158
26,162,"2015-12-07 20:38:09.252334","2015-12-07 20:38:09.252334",159
26,163,"2015-12-07 20:38:36.395226","2015-12-07 20:38:36.395226",160
26,164,"2015-12-07 20:39:56.273429","2015-12-07 20:39:56.273429",161
27,165,"2015-12-07 20:42:37.773211","2015-12-07 20:42:37.773211",162
27,166,"2015-12-07 20:47:01.414926","2015-12-07 20:47:01.414926",163
27,167,"2015-12-07 21:00:12.151143","2015-12-07 21:00:12.151143",164
26,168,"2015-12-09 02:42:41.599108","2015-12-09 02:42:41.599108",165
9,169,"2015-12-09 21:51:13.326303","2015-12-09 21:51:13.326303",166
9,170,"2015-12-09 21:59:14.013191","2015-12-09 21:59:14.013191",167
18,171,"2015-12-10 16:18:48.301429","2015-12-10 16:18:48.301429",168
27,172,"2015-12-11 15:43:36.309888","2015-12-11 15:43:36.309888",169
22,173,"2015-12-13 01:47:37.751449","2015-12-13 01:47:37.751449",170
18,174,"2015-12-13 04:01:04.610285","2015-12-13 04:01:04.610285",171
18,175,"2015-12-14 17:59:01.528331","2015-12-14 17:59:01.528331",172
28,177,"2016-02-01 02:30:46.889834","2016-02-01 02:30:46.889834",174
1,195,"2016-02-24 16:08:27.777893","2016-02-24 16:08:27.777893",192
29,198,"2016-03-06 19:48:24.583109","2016-03-06 19:48:24.583109",195
29,199,"2016-03-06 19:52:31.982624","2016-03-06 19:52:31.982624",196
29,200,"2016-03-06 19:59:08.165649","2016-03-06 19:59:08.165649",197
29,201,"2016-03-06 20:05:26.726274","2016-03-06 20:05:26.726274",198
28,204,"2016-03-11 04:03:42.847488","2016-03-11 04:03:42.847488",201
28,205,"2016-03-20 03:01:08.130585","2016-03-20 03:01:08.130585",202
28,206,"2016-03-20 03:05:32.259799","2016-03-20 03:05:32.259799",203
28,207,"2016-03-20 03:07:14.884534","2016-03-20 03:07:14.884534",204
28,208,"2016-03-22 18:40:57.531660","2016-03-22 18:40:57.531660",205
28,209,"2016-03-29 02:19:39.912329","2016-03-29 02:19:39.912329",206
28,210,"2016-03-29 02:46:22.729544","2016-03-29 02:46:22.729544",207
30,211,"2016-04-03 04:31:29.079934","2016-04-03 04:31:29.079934",208
28,212,"2016-04-04 18:21:49.963411","2016-04-04 18:21:49.963411",209
28,213,"2016-04-18 17:54:54.293467","2016-04-18 17:54:54.293467",210
28,215,"2016-04-30 13:16:55.087242","2016-04-30 13:16:55.087242",212
31,216,"2016-05-09 03:12:08.147223","2016-05-09 03:12:08.147223",213
31,217,"2016-05-09 03:13:46.596170","2016-05-09 03:13:46.596170",214
31,218,"2016-05-09 03:14:23.030320","2016-05-09 03:14:23.030320",215
31,219,"2016-05-09 03:15:21.693027","2016-05-09 03:15:21.693027",216
31,220,"2016-05-09 03:21:07.802146","2016-05-09 03:21:07.802146",217
31,222,"2016-05-09 03:33:05.162619","2016-05-09 03:33:05.162619",219
31,223,"2016-05-09 03:34:04.729094","2016-05-09 03:34:04.729094",220
31,224,"2016-05-09 04:09:41.958436","2016-05-09 04:09:41.958436",221
31,225,"2016-05-09 04:12:07.623143","2016-05-09 04:12:07.623143",222
32,227,"2016-05-29 18:33:40.114231","2016-05-29 18:33:40.114231",224
32,228,"2016-05-29 19:12:31.016156","2016-05-29 19:12:31.016156",225
32,229,"2016-05-29 19:19:43.883337","2016-05-29 19:19:43.883337",226
32,230,"2016-05-29 19:35:32.802618","2016-05-29 19:35:32.802618",227
32,231,"2016-05-29 19:39:30.611661","2016-05-29 19:39:30.611661",228
32,232,"2016-05-29 19:43:57.999280","2016-05-29 19:43:57.999280",229
32,233,"2016-05-29 19:45:51.428366","2016-05-29 19:45:51.428366",230
32,234,"2016-05-29 19:48:17.221287","2016-05-29 19:48:17.221287",231
32,235,"2016-05-29 19:49:35.970739","2016-05-29 19:49:35.970739",232
32,236,"2016-05-29 19:51:36.972269","2016-05-29 19:51:36.972269",233
32,237,"2016-05-29 19:52:43.599295","2016-05-29 19:52:43.599295",234
32,238,"2016-05-29 19:55:23.700865","2016-05-29 19:55:23.700865",235
33,240,"2016-05-29 20:02:39.484977","2016-05-29 20:02:39.484977",237
34,243,"2016-06-06 14:01:46.395875","2016-06-06 14:01:46.395875",241
34,244,"2016-06-06 14:02:44.052117","2016-06-06 14:02:44.052117",242
34,251,"2016-06-19 17:28:13.986899","2016-06-19 17:28:13.986899",249
34,255,"2016-07-10 03:07:52.493686","2016-07-10 03:07:52.493686",253
35,256,"2016-07-26 02:34:39.884404","2016-07-26 02:34:39.884404",254
37,266,"2016-09-30 01:20:44.486502","2016-09-30 01:20:44.486502",264
37,267,"2016-09-30 01:22:58.397562","2016-09-30 01:22:58.397562",265
37,268,"2016-09-30 01:27:35.579749","2016-09-30 01:27:35.579749",266
37,269,"2016-09-30 01:29:16.146146","2016-09-30 01:29:16.146146",267
37,270,"2016-09-30 01:31:03.938569","2016-09-30 01:31:03.938569",268
37,271,"2016-10-01 16:03:14.031169","2016-10-01 16:03:14.031169",269
35,272,"2016-10-02 17:18:23.751265","2016-10-02 17:18:23.751265",270
35,273,"2016-10-02 17:20:22.979484","2016-10-02 17:20:22.979484",271
35,274,"2016-10-02 17:20:55.364821","2016-10-02 17:20:55.364821",272
38,275,"2016-10-02 20:02:43.445947","2016-10-02 20:02:43.445947",273
35,276,"2016-10-02 20:07:46.150134","2016-10-02 20:07:46.150134",274
35,277,"2016-10-02 22:59:16.124900","2016-10-02 22:59:16.124900",275
37,278,"2016-10-03 01:33:43.620546","2016-10-03 01:33:43.620546",276
40,282,"2016-10-18 05:24:06.240291","2016-10-18 05:24:06.240291",280
41,283,"2016-10-23 14:49:58.446399","2016-10-23 14:49:58.446399",281
41,284,"2016-10-23 14:51:51.274256","2016-10-23 14:51:51.274256",282
42,289,"2016-10-23 15:01:46.136683","2016-10-23 15:01:46.136683",287
42,290,"2016-10-23 15:02:44.594318","2016-10-23 15:02:44.594318",288
35,292,"2016-10-24 22:15:33.099888","2016-10-24 22:15:33.099888",290
35,295,"2016-10-30 20:27:02.814548","2016-10-30 20:27:02.814548",293
44,298,"2016-11-19 14:51:42.324965","2016-11-19 14:51:42.324965",296
44,299,"2016-11-19 14:54:25.715696","2016-11-19 14:54:25.715696",297
44,300,"2016-11-19 14:55:17.918023","2016-11-19 14:55:17.918023",298
44,301,"2016-11-19 15:00:49.437683","2016-11-19 15:00:49.437683",299
46,310,"2016-11-24 20:36:42.041849","2016-11-24 20:36:42.041849",308
46,317,"2016-11-25 05:29:04.292156","2016-11-25 05:29:04.292156",315
35,318,"2016-11-26 12:22:12.492199","2016-11-26 12:22:12.492199",316
46,319,"2016-12-01 03:24:49.294892","2016-12-01 03:24:49.294892",317
46,325,"2016-12-01 04:19:15.505496","2016-12-01 04:19:15.505496",323
50,326,"2016-12-02 02:48:04.749553","2016-12-02 02:48:04.749553",334
50,327,"2016-12-02 02:48:36.469424","2016-12-02 02:48:36.469424",335
50,328,"2016-12-02 02:48:48.867588","2016-12-02 02:48:48.867588",336
50,330,"2016-12-02 02:50:21.451972","2016-12-02 02:50:21.451972",338
50,331,"2016-12-02 02:50:33.237246","2016-12-02 02:50:33.237246",339
50,333,"2016-12-02 02:51:10.449682","2016-12-02 02:51:10.449682",341
50,334,"2016-12-02 02:56:13.914289","2016-12-02 02:56:13.914289",342
46,335,"2016-12-02 03:12:14.987236","2016-12-02 03:12:14.987236",343
50,336,"2016-12-02 03:13:10.254137","2016-12-02 03:13:10.254137",344
50,337,"2016-12-02 03:14:45.577665","2016-12-02 03:14:45.577665",345
50,338,"2016-12-02 03:16:27.916021","2016-12-02 03:16:27.916021",346
50,339,"2016-12-02 03:21:38.284286","2016-12-02 03:21:38.284286",347
48,342,"2016-12-03 01:58:50.698448","2016-12-03 01:58:50.698448",350
47,343,"2016-12-03 02:04:59.967391","2016-12-03 02:04:59.967391",351
48,344,"2016-12-03 02:15:55.319142","2016-12-03 02:15:55.319142",352
35,345,"2016-12-03 16:53:17.459519","2016-12-03 16:53:17.459519",353
32,346,"2016-12-03 17:01:53.801035","2016-12-03 17:01:53.801035",354
48,347,"2016-12-03 17:05:51.961825","2016-12-03 17:05:51.961825",355
48,349,"2016-12-03 17:16:17.612716","2016-12-03 17:16:17.612716",357
48,350,"2016-12-03 17:18:18.852719","2016-12-03 17:18:18.852719",358
48,351,"2016-12-03 17:19:24.536170","2016-12-03 17:19:24.536170",359
48,352,"2016-12-03 17:21:28.174175","2016-12-03 17:21:28.174175",360
48,354,"2016-12-04 02:52:30.689900","2016-12-04 02:52:30.689900",362
35,355,"2016-12-04 13:32:38.755913","2016-12-04 13:32:38.755913",363
51,356,"2016-12-04 14:15:05.861393","2016-12-04 14:15:05.861393",364
51,357,"2016-12-04 14:16:53.675930","2016-12-04 14:16:53.675930",365
51,358,"2016-12-04 14:39:52.746813","2016-12-04 14:39:52.746813",366
51,359,"2016-12-04 14:40:22.034745","2016-12-04 14:40:22.034745",367
51,360,"2016-12-04 14:43:23.720786","2016-12-04 14:43:23.720786",368
51,361,"2016-12-04 14:44:00.203073","2016-12-04 14:44:00.203073",369
51,362,"2016-12-04 14:44:34.317639","2016-12-04 14:44:34.317639",370
51,363,"2016-12-04 14:45:07.622854","2016-12-04 14:45:07.622854",371
51,364,"2016-12-04 14:45:42.730645","2016-12-04 14:45:42.730645",372
51,365,"2016-12-04 14:47:04.020338","2016-12-04 14:47:04.020338",373
51,366,"2016-12-04 14:48:53.541093","2016-12-04 14:48:53.541093",374
51,369,"2016-12-04 21:37:58.824742","2016-12-04 21:37:58.824742",377
34,241,"2016-12-05 02:55:38.605451","2016-12-05 02:55:38.605451",380
46,255,"2016-12-05 03:05:41.429736","2016-12-05 03:05:41.429736",381
46,371,"2016-12-05 03:31:07.596611","2016-12-05 03:31:07.596611",382
46,372,"2016-12-05 03:40:40.656074","2016-12-05 03:40:40.656074",383
52,374,"2016-12-06 01:18:56.482020","2016-12-06 01:18:56.482020",385
52,375,"2016-12-06 01:19:10.543187","2016-12-06 01:19:10.543187",386
52,376,"2016-12-06 01:19:24.645517","2016-12-06 01:19:24.645517",387
52,377,"2016-12-06 01:21:46.875463","2016-12-06 01:21:46.875463",388
52,378,"2016-12-06 01:22:07.218957","2016-12-06 01:22:07.218957",389
52,379,"2016-12-06 01:22:22.847912","2016-12-06 01:22:22.847912",390
49,389,"2016-12-06 18:37:01.769216","2016-12-06 18:37:01.769216",400
48,390,"2016-12-06 18:40:57.894150","2016-12-06 18:40:57.894150",401
47,391,"2016-12-06 18:43:15.667092","2016-12-06 18:43:15.667092",402
50,394,"2016-12-07 02:49:40.378072","2016-12-07 02:49:40.378072",405
35,395,"2016-12-07 10:20:21.035053","2016-12-07 10:20:21.035053",406
49,396,"2016-12-07 10:47:02.148619","2016-12-07 10:47:02.148619",407
48,398,"2016-12-07 11:03:23.180307","2016-12-07 11:03:23.180307",409
48,399,"2016-12-07 11:07:26.793119","2016-12-07 11:07:26.793119",410
49,400,"2016-12-07 11:08:20.854564","2016-12-07 11:08:20.854564",411
49,401,"2016-12-07 11:11:49.798605","2016-12-07 11:11:49.798605",412
49,402,"2016-12-07 11:12:55.782295","2016-12-07 11:12:55.782295",413
48,405,"2016-12-07 11:20:52.031638","2016-12-07 11:20:52.031638",416
48,406,"2016-12-07 11:49:14.439040","2016-12-07 11:49:14.439040",417
49,407,"2016-12-07 15:26:08.474771","2016-12-07 15:26:08.474771",418
48,408,"2016-12-07 15:30:13.279606","2016-12-07 15:30:13.279606",419
47,409,"2016-12-07 15:38:42.649780","2016-12-07 15:38:42.649780",420
47,410,"2016-12-07 15:40:16.990214","2016-12-07 15:40:16.990214",421
47,411,"2016-12-07 15:41:50.827730","2016-12-07 15:41:50.827730",422
48,412,"2016-12-07 15:50:17.082910","2016-12-07 15:50:17.082910",423
48,413,"2016-12-07 15:55:03.876395","2016-12-07 15:55:03.876395",424
47,414,"2016-12-07 16:02:36.002006","2016-12-07 16:02:36.002006",425
49,415,"2016-12-07 16:13:20.331281","2016-12-07 16:13:20.331281",426
47,417,"2016-12-07 16:19:21.163555","2016-12-07 16:19:21.163555",428
49,418,"2016-12-07 16:36:42.799383","2016-12-07 16:36:42.799383",429
49,419,"2016-12-07 16:38:44.921260","2016-12-07 16:38:44.921260",430
47,420,"2016-12-07 16:40:46.749523","2016-12-07 16:40:46.749523",431
47,422,"2016-12-07 21:23:05.279134","2016-12-07 21:23:05.279134",433
47,423,"2016-12-07 21:25:19.966940","2016-12-07 21:25:19.966940",434
47,424,"2016-12-07 21:33:28.383144","2016-12-07 21:33:28.383144",435
47,425,"2016-12-07 21:37:33.500362","2016-12-07 21:37:33.500362",436
50,426,"2016-12-08 02:14:36.009710","2016-12-08 02:14:36.009710",437
50,427,"2016-12-08 02:30:14.287206","2016-12-08 02:30:14.287206",438
50,428,"2016-12-08 02:40:32.085828","2016-12-08 02:40:32.085828",439
50,429,"2016-12-08 02:42:53.455588","2016-12-08 02:42:53.455588",440
50,430,"2016-12-08 02:51:05.279200","2016-12-08 02:51:05.279200",441
50,431,"2016-12-08 02:57:28.599937","2016-12-08 02:57:28.599937",442
46,432,"2016-12-08 18:50:58.704024","2016-12-08 18:50:58.704024",443
50,433,"2016-12-09 02:33:35.141734","2016-12-09 02:33:35.141734",444
35,434,"2016-12-09 08:30:39.810235","2016-12-09 08:30:39.810235",445
35,435,"2016-12-09 08:31:24.713941","2016-12-09 08:31:24.713941",446
35,436,"2016-12-09 08:32:13.492770","2016-12-09 08:32:13.492770",447
35,437,"2016-12-09 08:32:56.593917","2016-12-09 08:32:56.593917",448
44,438,"2016-12-10 01:59:40.872863","2016-12-10 01:59:40.872863",449
50,440,"2016-12-11 02:20:04.305729","2016-12-11 02:20:04.305729",451
45,441,"2016-12-11 03:46:39.352534","2016-12-11 03:46:39.352534",452
45,442,"2016-12-11 03:49:44.666424","2016-12-11 03:49:44.666424",453
53,455,"2016-12-12 15:40:29.980723","2016-12-12 15:40:29.980723",466
53,456,"2016-12-12 15:42:58.574148","2016-12-12 15:42:58.574148",467
52,459,"2016-12-17 18:49:24.007319","2016-12-17 18:49:24.007319",470
52,460,"2016-12-17 18:50:03.741943","2016-12-17 18:50:03.741943",471
52,461,"2016-12-17 18:51:05.070229","2016-12-17 18:51:05.070229",472
46,462,"2016-12-19 18:21:00.167622","2016-12-19 18:21:00.167622",473
50,463,"2016-12-20 20:28:04.911548","2016-12-20 20:28:04.911548",474
50,464,"2016-12-20 20:30:17.856295","2016-12-20 20:30:17.856295",475
56,465,"2017-01-03 13:55:18.588767","2017-01-03 13:55:18.588767",477
56,466,"2017-01-03 15:03:45.659433","2017-01-03 15:03:45.659433",478
56,467,"2017-01-03 15:05:55.041657","2017-01-03 15:05:55.041657",479
59,468,"2017-03-06 19:42:39.866385","2017-03-06 19:42:39.866385",480
59,469,"2017-03-06 19:45:36.535536","2017-03-06 19:45:36.535536",481
59,470,"2017-03-07 01:57:41.457111","2017-03-07 01:57:41.457111",482
59,471,"2017-03-07 02:14:06.790062","2017-03-07 02:14:06.790062",483
59,472,"2017-03-12 02:50:31.729431","2017-03-12 02:50:31.729431",484
60,373,"2017-03-21 20:51:32.896237","2017-03-21 20:51:32.896237",485
60,329,"2017-03-21 20:51:51.504338","2017-03-21 20:51:51.504338",486
61,473,"2017-03-26 17:25:14.078612","2017-03-26 17:25:14.078612",487
61,474,"2017-03-26 17:26:55.437767","2017-03-26 17:26:55.437767",488
61,475,"2017-03-26 17:30:33.508415","2017-03-26 17:30:33.508415",489
60,476,"2017-03-30 15:36:39.471336","2017-03-30 15:36:39.471336",490
60,477,"2017-03-30 15:50:57.697543","2017-03-30 15:50:57.697543",491
60,478,"2017-03-30 16:06:22.886823","2017-03-30 16:06:22.886823",492
60,479,"2017-03-30 16:10:50.164090","2017-03-30 16:10:50.164090",493
60,480,"2017-03-30 16:11:54.300713","2017-03-30 16:11:54.300713",494
60,481,"2017-03-30 16:58:27.044740","2017-03-30 16:58:27.044740",495
60,482,"2017-03-30 17:06:49.816050","2017-03-30 17:06:49.816050",496
60,483,"2017-03-30 17:11:43.426418","2017-03-30 17:11:43.426418",497
60,484,"2017-03-30 20:03:43.252815","2017-03-30 20:03:43.252815",498
59,485,"2017-04-01 18:22:21.637026","2017-04-01 18:22:21.637026",499
61,486,"2017-04-08 13:54:12.925988","2017-04-08 13:54:12.925988",500
61,487,"2017-04-08 13:56:10.571068","2017-04-08 13:56:10.571068",501
61,488,"2017-04-08 16:08:07.566489","2017-04-08 16:08:07.566489",502
61,489,"2017-04-08 16:09:42.429557","2017-04-08 16:09:42.429557",503
61,490,"2017-04-08 19:20:59.293601","2017-04-08 19:20:59.293601",504
61,491,"2017-04-08 19:24:05.328479","2017-04-08 19:24:05.328479",505
60,492,"2017-04-13 14:39:52.684541","2017-04-13 14:39:52.684541",506
61,493,"2017-04-26 17:03:07.508771","2017-04-26 17:03:07.508771",507
61,494,"2017-04-26 17:55:34.112092","2017-04-26 17:55:34.112092",508
61,496,"2017-04-29 21:25:57.528048","2017-04-29 21:25:57.528048",510
62,400,"2017-05-03 20:21:11.251859","2017-05-03 20:21:11.251859",511
62,392,"2017-05-03 20:21:31.466364","2017-05-03 20:21:31.466364",512
62,397,"2017-05-03 20:21:51.530585","2017-05-03 20:21:51.530585",513
62,419,"2017-05-03 20:23:28.099537","2017-05-03 20:23:28.099537",515
62,404,"2017-05-03 20:24:01.476603","2017-05-03 20:24:01.476603",516
62,497,"2017-05-03 20:29:54.392059","2017-05-03 20:29:54.392059",517
62,498,"2017-05-03 20:55:58.241802","2017-05-03 20:55:58.241802",518
62,499,"2017-05-03 22:26:40.033767","2017-05-03 22:26:40.033767",519
61,501,"2017-05-04 01:06:23.850832","2017-05-04 01:06:23.850832",521
61,502,"2017-05-04 01:13:11.833020","2017-05-04 01:13:11.833020",522
61,503,"2017-05-22 00:12:54.658813","2017-05-22 00:12:54.658813",523
63,504,"2017-05-23 00:49:56.798029","2017-05-23 00:49:56.798029",524
63,505,"2017-05-23 00:52:10.921234","2017-05-23 00:52:10.921234",525
65,515,"2017-07-12 11:15:40.505295","2017-07-12 11:15:40.505295",535
66,516,"2017-08-06 20:11:37.103139","2017-08-06 20:11:37.103139",536
67,520,"2017-08-18 03:58:21.279089","2017-08-18 03:58:21.279089",540
66,521,"2017-09-07 02:49:15.978991","2017-09-07 02:49:15.978991",541
66,522,"2017-09-08 02:59:49.374623","2017-09-08 02:59:49.374623",542
66,523,"2017-09-08 03:05:21.965099","2017-09-08 03:05:21.965099",543
66,524,"2017-09-17 17:37:23.992440","2017-09-17 17:37:23.992440",544
42,525,"2017-10-26 16:38:25.581835","2017-10-26 16:38:25.581835",545
65,528,"2017-10-28 14:05:08.950389","2017-10-28 14:05:08.950389",548
45,529,"2017-11-06 02:03:19.176665","2017-11-06 02:03:19.176665",549
45,530,"2017-11-06 02:07:57.587226","2017-11-06 02:07:57.587226",550
65,531,"2017-11-06 10:51:37.280985","2017-11-06 10:51:37.280985",551
65,532,"2017-11-06 10:54:24.588310","2017-11-06 10:54:24.588310",552
65,533,"2017-11-06 10:57:49.693830","2017-11-06 10:57:49.693830",553
72,534,"2017-11-12 21:57:56.613502","2017-11-12 21:57:56.613502",554
72,535,"2017-11-12 22:00:57.512488","2017-11-12 22:00:57.512488",555
55,536,"2017-11-15 02:17:28.153748","2017-11-15 02:17:28.153748",556
54,538,"2017-11-15 02:50:54.976500","2017-11-15 02:50:54.976500",558
54,540,"2017-11-15 02:57:09.505543","2017-11-15 02:57:09.505543",560
53,542,"2017-11-15 03:21:30.721575","2017-11-15 03:21:30.721575",562
54,543,"2017-11-15 03:25:43.809074","2017-11-15 03:25:43.809074",563
45,544,"2017-11-16 03:43:19.929390","2017-11-16 03:43:19.929390",564
55,545,"2017-11-21 03:31:07.291100","2017-11-21 03:31:07.291100",565
53,547,"2017-11-21 03:38:04.944370","2017-11-21 03:38:04.944370",567
54,548,"2017-11-21 03:46:32.866514","2017-11-21 03:46:32.866514",568
54,549,"2017-11-21 03:48:32.177106","2017-11-21 03:48:32.177106",569
55,551,"2017-11-21 03:56:06.467440","2017-11-21 03:56:06.467440",571
75,552,"2017-11-23 02:43:18.209909","2017-11-23 02:43:18.209909",572
73,553,"2017-11-23 02:45:57.507661","2017-11-23 02:45:57.507661",573
72,554,"2017-11-23 12:42:47.795070","2017-11-23 12:42:47.795070",574
76,555,"2017-11-24 14:17:50.429446","2017-11-24 14:17:50.429446",575
76,392,"2017-11-24 16:25:13.097810","2017-11-24 16:25:13.097810",576
76,397,"2017-11-24 16:36:52.451036","2017-11-24 16:36:52.451036",577
76,404,"2017-11-24 19:13:34.318460","2017-11-24 19:13:34.318460",578
76,408,"2017-11-24 19:19:30.319036","2017-11-24 19:19:30.319036",579
76,348,"2017-11-24 19:20:46.650602","2017-11-24 19:20:46.650602",580
76,354,"2017-11-24 19:21:47.801223","2017-11-24 19:21:47.801223",581
76,352,"2017-11-24 19:22:18.221721","2017-11-24 19:22:18.221721",582
76,390,"2017-11-24 19:27:04.626144","2017-11-24 19:27:04.626144",583
76,399,"2017-11-24 19:29:57.685175","2017-11-24 19:29:57.685175",584
76,556,"2017-11-24 19:35:52.893097","2017-11-24 19:35:52.893097",586
76,411,"2017-11-24 19:38:49.147655","2017-11-24 19:38:49.147655",588
76,420,"2017-11-24 19:39:27.333559","2017-11-24 19:39:27.333559",589
65,395,"2017-11-24 19:41:08.655767","2017-11-24 19:41:08.655767",590
65,277,"2017-11-24 19:42:06.172586","2017-11-24 19:42:06.172586",591
65,318,"2017-11-24 19:43:05.542178","2017-11-24 19:43:05.542178",592
65,557,"2017-11-24 19:49:41.426557","2017-11-24 19:49:41.426557",593
76,558,"2017-11-25 15:27:08.875017","2017-11-25 15:27:08.875017",594
55,559,"2017-11-26 03:52:15.366733","2017-11-26 03:52:15.366733",595
53,561,"2017-11-26 04:03:00.656704","2017-11-26 04:03:00.656704",597
54,562,"2017-11-26 04:03:37.508485","2017-11-26 04:03:37.508485",598
53,563,"2017-11-26 04:11:47.549252","2017-11-26 04:11:47.549252",599
65,564,"2017-11-26 13:49:06.808592","2017-11-26 13:49:06.808592",600
65,565,"2017-11-26 14:04:38.325455","2017-11-26 14:04:38.325455",601
65,566,"2017-11-26 15:46:40.927385","2017-11-26 15:46:40.927385",602
55,568,"2017-11-27 02:16:44.467176","2017-11-27 02:16:44.467176",604
55,569,"2017-11-27 02:20:19.923255","2017-11-27 02:20:19.923255",605
55,570,"2017-11-27 02:33:07.961111","2017-11-27 02:33:07.961111",606
76,571,"2017-11-28 01:04:30.202816","2017-11-28 01:04:30.202816",607
54,572,"2017-11-28 01:47:47.982798","2017-11-28 01:47:47.982798",608
55,573,"2017-11-28 03:01:45.216057","2017-11-28 03:01:45.216057",609
76,582,"2017-12-02 23:31:01.244189","2017-12-02 23:31:01.244189",618
74,583,"2017-12-03 13:38:44.990646","2017-12-03 13:38:44.990646",619
74,584,"2017-12-03 13:40:37.808451","2017-12-03 13:40:37.808451",620
74,585,"2017-12-03 13:49:06.817332","2017-12-03 13:49:06.817332",621
74,586,"2017-12-03 13:52:28.291575","2017-12-03 13:52:28.291575",622
74,587,"2017-12-03 14:09:22.391241","2017-12-03 14:09:22.391241",623
73,588,"2017-12-05 23:13:29.971431","2017-12-05 23:13:29.971431",624
73,589,"2017-12-06 01:04:35.241274","2017-12-06 01:04:35.241274",625
73,590,"2017-12-06 01:19:45.242715","2017-12-06 01:19:45.242715",626
73,591,"2017-12-06 03:11:16.550055","2017-12-06 03:11:16.550055",627
73,592,"2017-12-06 03:21:54.505225","2017-12-06 03:21:54.505225",628
74,593,"2017-12-06 13:20:56.808493","2017-12-06 13:20:56.808493",629
73,594,"2017-12-06 13:51:07.365890","2017-12-06 13:51:07.365890",630
75,595,"2017-12-08 02:25:29.474814","2017-12-08 02:25:29.474814",631
75,596,"2017-12-08 02:25:45.729593","2017-12-08 02:25:45.729593",632
75,597,"2017-12-08 02:26:33.651982","2017-12-08 02:26:33.651982",633
75,598,"2017-12-08 02:28:16.809065","2017-12-08 02:28:16.809065",634
75,599,"2017-12-08 02:29:54.301611","2017-12-08 02:29:54.301611",635
76,600,"2017-12-10 11:12:30.439551","2017-12-10 11:12:30.439551",636
76,602,"2017-12-10 11:35:00.941869","2017-12-10 11:35:00.941869",638
76,603,"2017-12-10 11:50:06.156082","2017-12-10 11:50:06.156082",639
76,604,"2017-12-10 12:06:11.832318","2017-12-10 12:06:11.832318",640
76,605,"2017-12-10 12:09:31.030077","2017-12-10 12:09:31.030077",641
76,606,"2017-12-10 12:12:53.624494","2017-12-10 12:12:53.624494",642
76,608,"2017-12-10 12:17:58.124306","2017-12-10 12:17:58.124306",644
74,609,"2017-12-11 13:48:49.510752","2017-12-11 13:48:49.510752",645
74,610,"2017-12-11 13:50:59.827235","2017-12-11 13:50:59.827235",646
74,598,"2017-12-11 13:52:16.215732","2017-12-11 13:52:16.215732",647
72,611,"2017-12-11 19:37:58.474205","2017-12-11 19:37:58.474205",648
76,612,"2017-12-11 20:48:01.743778","2017-12-11 20:48:01.743778",649
76,613,"2017-12-11 20:55:23.729938","2017-12-11 20:55:23.729938",650
76,614,"2017-12-11 20:56:53.385134","2017-12-11 20:56:53.385134",651
76,615,"2017-12-11 20:57:57.637947","2017-12-11 20:57:57.637947",652
65,616,"2017-12-11 21:04:56.325197","2017-12-11 21:04:56.325197",653
55,617,"2017-12-12 00:22:23.755890","2017-12-12 00:22:23.755890",654
55,618,"2017-12-12 02:07:08.542749","2017-12-12 02:07:08.542749",655
65,619,"2017-12-18 11:39:30.806278","2017-12-18 11:39:30.806278",656
13,620,"2018-01-06 17:56:01.620091","2018-01-06 17:56:01.620091",657
13,621,"2018-01-06 18:34:35.380670","2018-01-06 18:34:35.380670",658
13,622,"2018-01-06 18:35:42.809795","2018-01-06 18:35:42.809795",659
13,623,"2018-01-06 18:58:37.271996","2018-01-06 18:58:37.271996",660
13,624,"2018-01-06 19:00:13.272602","2018-01-06 19:00:13.272602",661
13,625,"2018-01-06 19:01:10.848331","2018-01-06 19:01:10.848331",662
13,626,"2018-01-06 19:02:56.012171","2018-01-06 19:02:56.012171",663
13,627,"2018-01-06 19:04:33.202456","2018-01-06 19:04:33.202456",664
13,628,"2018-01-06 19:06:17.498986","2018-01-06 19:06:17.498986",665
13,629,"2018-01-06 19:22:22.377668","2018-01-06 19:22:22.377668",666
13,630,"2018-01-06 19:23:27.605697","2018-01-06 19:23:27.605697",667
13,631,"2018-01-06 19:24:16.347156","2018-01-06 19:24:16.347156",668
13,632,"2018-01-06 19:26:05.819547","2018-01-06 19:26:05.819547",669
77,633,"2018-01-06 19:29:47.131333","2018-01-06 19:29:47.131333",670
77,565,"2018-01-07 02:21:35.731877","2018-01-07 02:21:35.731877",671
77,564,"2018-01-07 02:22:55.213075","2018-01-07 02:22:55.213075",672
77,557,"2018-01-07 02:25:19.061151","2018-01-07 02:25:19.061151",673
78,634,"2018-02-14 17:25:46.569208","2018-02-14 17:25:46.569208",674
78,635,"2018-02-14 17:27:29.952613","2018-02-14 17:27:29.952613",675
77,636,"2018-02-19 20:26:30.305810","2018-02-19 20:26:30.305810",676
78,637,"2018-03-01 02:45:28.950219","2018-03-01 02:45:28.950219",677
79,638,"2018-03-11 19:14:38.819998","2018-03-11 19:14:38.819998",678
79,639,"2018-03-11 19:17:29.722774","2018-03-11 19:17:29.722774",679
78,640,"2018-03-12 13:39:12.219235","2018-03-12 13:39:12.219235",680
79,641,"2018-03-22 00:22:52.830373","2018-03-22 00:22:52.830373",681
78,642,"2018-03-26 15:32:57.979523","2018-03-26 15:32:57.979523",682
34,643,"2018-03-31 17:43:47.610826","2018-03-31 17:43:47.610826",683
77,644,"2018-04-01 19:51:26.063743","2018-04-01 19:51:26.063743",684
77,645,"2018-04-02 10:16:55.926137","2018-04-02 10:16:55.926137",685
80,646,"2018-04-03 23:24:27.364579","2018-04-03 23:24:27.364579",686
80,647,"2018-04-03 23:26:35.563034","2018-04-03 23:26:35.563034",687
80,649,"2018-04-04 00:04:39.683206","2018-04-04 00:04:39.683206",689
80,650,"2018-04-04 00:11:00.652582","2018-04-04 00:11:00.652582",690
80,651,"2018-04-04 00:14:22.628804","2018-04-04 00:14:22.628804",691
78,652,"2018-04-05 01:41:31.266372","2018-04-05 01:41:31.266372",692
78,653,"2018-04-05 01:45:37.597651","2018-04-05 01:45:37.597651",693
78,654,"2018-04-05 20:02:02.726299","2018-04-05 20:02:02.726299",694
80,655,"2018-05-06 16:32:29.159846","2018-05-06 16:32:29.159846",695
80,656,"2018-05-06 16:34:45.645743","2018-05-06 16:34:45.645743",696
80,657,"2018-05-06 16:43:11.967629","2018-05-06 16:43:11.967629",697
80,658,"2018-05-06 20:27:19.234297","2018-05-06 20:27:19.234297",698
80,659,"2018-05-06 20:29:52.759046","2018-05-06 20:29:52.759046",699
77,660,"2018-05-06 20:58:09.163885","2018-05-06 20:58:09.163885",700
80,661,"2018-05-06 23:00:17.753375","2018-05-06 23:00:17.753375",701
77,662,"2018-05-10 00:21:45.641991","2018-05-10 00:21:45.641991",702
13,663,"2018-05-11 19:00:57.693567","2018-05-11 19:00:57.693567",703
81,664,"2018-05-21 23:31:36.896609","2018-05-21 23:31:36.896609",704
81,665,"2018-05-21 23:46:02.432229","2018-05-21 23:46:02.432229",705
77,666,"2018-05-25 00:39:07.128503","2018-05-25 00:39:07.128503",706
77,667,"2018-05-25 00:58:32.223096","2018-05-25 00:58:32.223096",707
77,668,"2018-05-26 12:56:57.045624","2018-05-26 12:56:57.045624",708
77,669,"2018-05-27 22:10:49.493590","2018-05-27 22:10:49.493590",709
77,670,"2018-05-27 22:12:21.788353","2018-05-27 22:12:21.788353",710
82,671,"2018-06-09 00:00:13.810896","2018-06-09 00:00:13.810896",711
82,672,"2018-06-09 00:05:10.103693","2018-06-09 00:05:10.103693",712
82,673,"2018-06-09 00:07:18.107680","2018-06-09 00:07:18.107680",713
82,674,"2018-06-09 01:02:56.477440","2018-06-09 01:02:56.477440",714
82,675,"2018-06-09 01:14:42.530293","2018-06-09 01:14:42.530293",715
82,676,"2018-06-09 01:31:04.213046","2018-06-09 01:31:04.213046",716
82,677,"2018-06-09 01:36:39.330129","2018-06-09 01:36:39.330129",717
82,678,"2018-06-09 01:39:54.555116","2018-06-09 01:39:54.555116",718
82,679,"2018-06-09 01:45:37.952613","2018-06-09 01:45:37.952613",719
82,680,"2018-06-09 01:47:22.865508","2018-06-09 01:47:22.865508",720
82,681,"2018-06-09 01:49:18.933237","2018-06-09 01:49:18.933237",721
82,682,"2018-06-09 01:52:04.514745","2018-06-09 01:52:04.514745",722
82,683,"2018-06-09 01:57:48.506636","2018-06-09 01:57:48.506636",723
82,684,"2018-06-09 01:59:41.756337","2018-06-09 01:59:41.756337",724
81,685,"2018-06-09 15:20:39.940723","2018-06-09 15:20:39.940723",725
81,686,"2018-06-09 15:21:06.277198","2018-06-09 15:21:06.277198",726
85,688,"2018-08-23 17:09:44.074305","2018-08-23 17:09:44.074305",728
85,689,"2018-08-23 17:10:54.405592","2018-08-23 17:10:54.405592",729
6,690,"2018-08-28 13:29:32.062535","2018-08-28 13:29:32.062535",730
6,691,"2018-08-28 13:39:51.647027","2018-08-28 13:39:51.647027",731
6,692,"2018-08-28 13:42:02.997793","2018-08-28 13:42:02.997793",732
87,693,"2018-09-17 17:00:47.122362","2018-09-17 17:00:47.122362",733
87,694,"2018-09-18 14:15:08.857668","2018-09-18 14:15:08.857668",734
88,695,"2018-09-20 23:20:19.047420","2018-09-20 23:20:19.047420",735
88,696,"2018-09-20 23:21:02.474996","2018-09-20 23:21:02.474996",736
88,697,"2018-09-20 23:23:01.813021","2018-09-20 23:23:01.813021",737
88,698,"2018-09-20 23:24:28.449548","2018-09-20 23:24:28.449548",738
88,699,"2018-09-23 15:51:58.137183","2018-09-23 15:51:58.137183",739
88,700,"2018-09-23 15:54:40.294743","2018-09-23 15:54:40.294743",740
88,701,"2018-10-01 19:10:50.829035","2018-10-01 19:10:50.829035",741
87,702,"2018-10-08 21:00:09.780477","2018-10-08 21:00:09.780477",742
89,703,"2018-10-27 13:20:00.801830","2018-10-27 13:20:00.801830",743
89,704,"2018-10-27 13:26:47.948792","2018-10-27 13:26:47.948792",744
89,705,"2018-10-27 13:28:40.357846","2018-10-27 13:28:40.357846",745
89,706,"2018-10-27 13:33:06.447619","2018-10-27 13:33:06.447619",746
89,707,"2018-10-27 13:36:01.641874","2018-10-27 13:36:01.641874",747
89,708,"2018-10-27 13:41:32.960762","2018-10-27 13:41:32.960762",748
42,709,"2018-10-27 15:34:07.066130","2018-10-27 15:34:07.066130",749
42,710,"2018-10-27 15:35:46.809368","2018-10-27 15:35:46.809368",750
90,711,"2018-10-28 11:57:47.698076","2018-10-28 11:57:47.698076",751
91,712,"2018-10-28 12:07:01.669315","2018-10-28 12:07:01.669315",752
90,713,"2018-10-28 12:13:26.106386","2018-10-28 12:13:26.106386",753
91,714,"2018-10-28 12:14:27.455865","2018-10-28 12:14:27.455865",754
90,715,"2018-10-28 12:21:48.168724","2018-10-28 12:21:48.168724",755
85,716,"2018-10-28 12:23:35.455287","2018-10-28 12:23:35.455287",756
85,717,"2018-10-28 12:27:42.203018","2018-10-28 12:27:42.203018",757
89,718,"2018-10-28 12:32:56.941388","2018-10-28 12:32:56.941388",758
90,719,"2018-10-28 12:36:52.968518","2018-10-28 12:36:52.968518",759
85,720,"2018-10-28 12:38:02.827317","2018-10-28 12:38:02.827317",760
85,721,"2018-10-28 12:39:21.454642","2018-10-28 12:39:21.454642",761
89,722,"2018-10-28 12:39:33.977973","2018-10-28 12:39:33.977973",762
90,723,"2018-10-28 12:45:51.256815","2018-10-28 12:45:51.256815",763
91,724,"2018-10-28 12:47:28.176868","2018-10-28 12:47:28.176868",764
90,725,"2018-10-28 12:49:46.166997","2018-10-28 12:49:46.166997",765
91,726,"2018-10-28 12:50:46.119778","2018-10-28 12:50:46.119778",766
91,727,"2018-10-28 12:54:09.923577","2018-10-28 12:54:09.923577",767
91,728,"2018-10-28 12:57:08.491722","2018-10-28 12:57:08.491722",768
90,729,"2018-10-28 12:58:29.541199","2018-10-28 12:58:29.541199",769
91,730,"2018-10-28 13:03:20.477222","2018-10-28 13:03:20.477222",770
92,731,"2018-10-28 13:07:22.260438","2018-10-28 13:07:22.260438",771
91,732,"2018-10-28 13:11:03.441963","2018-10-28 13:11:03.441963",772
93,733,"2018-11-01 11:55:07.130429","2018-11-01 11:55:07.130429",773
90,734,"2018-11-01 11:59:19.190800","2018-11-01 11:59:19.190800",774
90,735,"2018-11-01 12:11:30.862211","2018-11-01 12:11:30.862211",775
90,736,"2018-11-01 12:29:25.022645","2018-11-01 12:29:25.022645",776
90,737,"2018-11-01 12:35:02.529964","2018-11-01 12:35:02.529964",777
43,738,"2018-11-02 18:39:19.599520","2018-11-02 18:39:19.599520",778
16,739,"2018-11-03 13:51:14.226472","2018-11-03 13:51:14.226472",779
16,741,"2018-11-03 13:52:34.753026","2018-11-03 13:52:34.753026",781
16,742,"2018-11-03 13:53:52.350343","2018-11-03 13:53:52.350343",782
16,743,"2018-11-03 13:57:04.537536","2018-11-03 13:57:04.537536",783
16,744,"2018-11-03 14:02:16.904670","2018-11-03 14:02:16.904670",784
90,745,"2018-11-03 15:44:52.392834","2018-11-03 15:44:52.392834",785
90,746,"2018-11-03 23:35:49.149469","2018-11-03 23:35:49.149469",786
94,747,"2018-11-04 13:59:34.694526","2018-11-04 13:59:34.694526",787
94,749,"2018-11-04 14:05:28.699421","2018-11-04 14:05:28.699421",789
94,750,"2018-11-04 14:06:49.889737","2018-11-04 14:06:49.889737",790
94,751,"2018-11-04 14:09:50.664050","2018-11-04 14:09:50.664050",791
94,752,"2018-11-04 14:11:35.052097","2018-11-04 14:11:35.052097",792
94,753,"2018-11-04 14:15:20.956087","2018-11-04 14:15:20.956087",793
91,754,"2018-11-04 16:33:38.149218","2018-11-04 16:33:38.149218",794
91,755,"2018-11-04 16:35:26.207508","2018-11-04 16:35:26.207508",795
91,756,"2018-11-07 23:02:49.806769","2018-11-07 23:02:49.806769",796
94,757,"2018-11-09 16:29:42.912548","2018-11-09 16:29:42.912548",797
94,758,"2018-11-09 16:32:12.356664","2018-11-09 16:32:12.356664",798
94,759,"2018-11-09 16:33:42.075597","2018-11-09 16:33:42.075597",799
92,760,"2018-11-10 03:46:18.226918","2018-11-10 03:46:18.226918",800
85,762,"2018-11-10 15:17:52.284391","2018-11-10 15:17:52.284391",802
93,763,"2018-11-10 20:42:19.518635","2018-11-10 20:42:19.518635",803
90,764,"2018-11-10 20:46:12.196028","2018-11-10 20:46:12.196028",804
85,765,"2018-11-10 20:59:39.299123","2018-11-10 20:59:39.299123",805
92,766,"2018-11-12 03:52:47.848050","2018-11-12 03:52:47.848050",806
85,767,"2018-11-12 15:23:28.280933","2018-11-12 15:23:28.280933",807
16,769,"2018-11-13 17:05:01.546733","2018-11-13 17:05:01.546733",809
16,770,"2018-11-13 17:08:08.441807","2018-11-13 17:08:08.441807",810
16,771,"2018-11-13 17:13:13.036765","2018-11-13 17:13:13.036765",811
16,772,"2018-11-13 17:31:47.863191","2018-11-13 17:31:47.863191",812
95,774,"2018-11-15 02:19:00.107737","2018-11-15 02:19:00.107737",814
95,775,"2018-11-15 02:25:37.513877","2018-11-15 02:25:37.513877",815
91,776,"2018-11-15 12:53:26.730317","2018-11-15 12:53:26.730317",816
91,777,"2018-11-15 22:39:06.856165","2018-11-15 22:39:06.856165",817
92,778,"2018-11-17 02:24:00.220664","2018-11-17 02:24:00.220664",818
92,779,"2018-11-17 08:13:45.312485","2018-11-17 08:13:45.312485",819
92,780,"2018-11-18 02:35:30.799086","2018-11-18 02:35:30.799086",820
85,781,"2018-11-18 23:12:41.671221","2018-11-18 23:12:41.671221",821
85,782,"2018-11-18 23:14:10.623993","2018-11-18 23:14:10.623993",822
91,783,"2018-11-19 01:12:22.553600","2018-11-19 01:12:22.553600",823
85,784,"2018-11-19 04:38:26.708427","2018-11-19 04:38:26.708427",824
96,785,"2018-11-19 22:34:42.295136","2018-11-19 22:34:42.295136",825
96,786,"2018-11-19 22:36:13.205999","2018-11-19 22:36:13.205999",826
43,787,"2018-11-20 20:10:44.634031","2018-11-20 20:10:44.634031",827
43,788,"2018-11-20 20:18:37.423322","2018-11-20 20:18:37.423322",828
43,789,"2018-11-20 20:21:40.086435","2018-11-20 20:21:40.086435",829
90,790,"2018-11-21 21:17:49.384400","2018-11-21 21:17:49.384400",830
91,791,"2018-11-24 18:47:15.198431","2018-11-24 18:47:15.198431",831
85,793,"2018-11-25 12:24:42.204573","2018-11-25 12:24:42.204573",833
85,794,"2018-11-25 12:27:53.413097","2018-11-25 12:27:53.413097",834
85,795,"2018-11-25 12:30:00.159012","2018-11-25 12:30:00.159012",835
91,796,"2018-11-25 14:33:39.688847","2018-11-25 14:33:39.688847",836
97,797,"2018-11-25 17:55:29.667942","2018-11-25 17:55:29.667942",837
97,798,"2018-11-25 17:59:27.529928","2018-11-25 17:59:27.529928",838
97,799,"2018-11-26 00:40:10.237790","2018-11-26 00:40:10.237790",839
97,800,"2018-11-26 00:43:38.708152","2018-11-26 00:43:38.708152",840
96,801,"2018-11-27 17:25:05.190116","2018-11-27 17:25:05.190116",841
95,802,"2018-11-29 02:13:41.791598","2018-11-29 02:13:41.791598",842
95,803,"2018-11-29 02:34:48.055807","2018-11-29 02:34:48.055807",843
95,804,"2018-11-29 02:37:59.802250","2018-11-29 02:37:59.802250",844
16,807,"2018-11-29 13:33:34.133252","2018-11-29 13:33:34.133252",847
95,809,"2018-11-30 13:18:20.354304","2018-11-30 13:18:20.354304",849
95,810,"2018-11-30 13:20:18.203209","2018-11-30 13:20:18.203209",850
95,811,"2018-11-30 13:23:40.603209","2018-11-30 13:23:40.603209",851
95,812,"2018-11-30 13:27:58.444649","2018-11-30 13:27:58.444649",852
95,813,"2018-11-30 13:34:51.012285","2018-11-30 13:34:51.012285",853
95,814,"2018-11-30 13:48:38.367151","2018-11-30 13:48:38.367151",854
43,815,"2018-12-02 17:47:30.293996","2018-12-02 17:47:30.293996",855
96,816,"2018-12-02 19:09:55.201294","2018-12-02 19:09:55.201294",856
96,817,"2018-12-02 19:14:42.964051","2018-12-02 19:14:42.964051",857
98,818,"2018-12-02 20:11:47.357064","2018-12-02 20:11:47.357064",858
98,819,"2018-12-02 20:14:25.735775","2018-12-02 20:14:25.735775",859
96,820,"2018-12-03 03:22:55.529830","2018-12-03 03:22:55.529830",860
94,821,"2018-12-04 00:17:33.751878","2018-12-04 00:17:33.751878",861
94,822,"2018-12-04 00:20:52.744321","2018-12-04 00:20:52.744321",862
94,823,"2018-12-04 00:22:01.507898","2018-12-04 00:22:01.507898",863
94,824,"2018-12-04 00:23:21.871650","2018-12-04 00:23:21.871650",864
94,825,"2018-12-04 00:25:18.318845","2018-12-04 00:25:18.318845",865
95,826,"2018-12-05 00:51:29.045272","2018-12-05 00:51:29.045272",866
96,827,"2018-12-05 02:16:00.290090","2018-12-05 02:16:00.290090",867
96,828,"2018-12-05 02:18:37.824361","2018-12-05 02:18:37.824361",868
96,829,"2018-12-05 02:20:54.780156","2018-12-05 02:20:54.780156",869
96,830,"2018-12-05 02:21:29.882438","2018-12-05 02:21:29.882438",870
96,831,"2018-12-05 02:22:41.761289","2018-12-05 02:22:41.761289",871
96,832,"2018-12-05 02:25:57.595302","2018-12-05 02:25:57.595302",872
96,833,"2018-12-05 02:26:42.677039","2018-12-05 02:26:42.677039",873
96,834,"2018-12-05 02:29:58.296704","2018-12-05 02:29:58.296704",874
96,835,"2018-12-05 02:32:01.407327","2018-12-05 02:32:01.407327",875
96,836,"2018-12-05 02:33:26.973676","2018-12-05 02:33:26.973676",876
96,837,"2018-12-05 02:37:13.076812","2018-12-05 02:37:13.076812",877
96,838,"2018-12-05 02:38:45.077352","2018-12-05 02:38:45.077352",878
96,839,"2018-12-05 02:42:20.039808","2018-12-05 02:42:20.039808",879
96,840,"2018-12-05 02:45:11.732906","2018-12-05 02:45:11.732906",880
92,841,"2018-12-06 02:59:02.508953","2018-12-06 02:59:02.508953",881
92,842,"2018-12-06 03:08:04.334425","2018-12-06 03:08:04.334425",882
43,843,"2018-12-07 17:28:47.132794","2018-12-07 17:28:47.132794",883
90,844,"2018-12-08 14:31:29.971443","2018-12-08 14:31:29.971443",884
90,845,"2018-12-08 14:38:32.050353","2018-12-08 14:38:32.050353",885
96,846,"2018-12-10 15:52:12.117563","2018-12-10 15:52:12.117563",886
90,847,"2018-12-13 00:09:11.251156","2018-12-13 00:09:11.251156",887
99,848,"2018-12-13 03:33:38.359551","2018-12-13 03:33:38.359551",888
100,849,"2018-12-13 03:46:47.656771","2018-12-13 03:46:47.656771",889
100,850,"2018-12-13 03:57:09.804316","2018-12-13 03:57:09.804316",890
85,851,"2018-12-13 15:05:47.353462","2018-12-13 15:05:47.353462",891
94,852,"2018-12-15 01:50:32.142742","2018-12-15 01:50:32.142742",892
94,853,"2018-12-15 01:52:12.815939","2018-12-15 01:52:12.815939",893
99,854,"2018-12-15 14:07:39.461743","2018-12-15 14:07:39.461743",894
90,855,"2018-12-16 18:03:49.876145","2018-12-16 18:03:49.876145",895
102,856,"2019-01-20 18:01:57.847714","2019-01-20 18:01:57.847714",896
102,857,"2019-01-20 18:06:18.769033","2019-01-20 18:06:18.769033",897
102,858,"2019-01-20 18:14:15.714617","2019-01-20 18:14:15.714617",898
102,859,"2019-01-20 23:22:30.032789","2019-01-20 23:22:30.032789",899
102,860,"2019-01-20 23:28:07.301371","2019-01-20 23:28:07.301371",900
102,861,"2019-01-20 23:31:16.725900","2019-01-20 23:31:16.725900",901
102,862,"2019-01-20 23:34:47.442258","2019-01-20 23:34:47.442258",902
103,863,"2019-02-05 15:02:08.624902","2019-02-05 15:02:08.624902",903
104,864,"2019-02-24 00:26:45.920973","2019-02-24 00:26:45.920973",904
105,865,"2019-03-06 18:30:52.348807","2019-03-06 18:30:52.348807",905
105,866,"2019-03-06 18:31:54.994818","2019-03-06 18:31:54.994818",906
105,867,"2019-03-06 18:32:49.464469","2019-03-06 18:32:49.464469",907
105,868,"2019-03-09 15:58:12.174668","2019-03-09 15:58:12.174668",908
105,869,"2019-03-22 16:45:28.778509","2019-03-22 16:45:28.778509",909
105,870,"2019-03-22 17:00:48.222486","2019-03-22 17:00:48.222486",910
104,871,"2019-03-24 17:34:42.317765","2019-03-24 17:34:42.317765",911
102,872,"2019-03-25 21:49:02.164857","2019-03-25 21:49:02.164857",912
105,873,"2019-04-01 21:27:05.736499","2019-04-01 21:27:05.736499",913
105,874,"2019-04-03 00:30:57.981808","2019-04-03 00:30:57.981808",914
105,875,"2019-04-03 00:36:04.333198","2019-04-03 00:36:04.333198",915
105,876,"2019-04-04 03:07:55.005890","2019-04-04 03:07:55.005890",916
105,877,"2019-04-13 15:56:16.895380","2019-04-13 15:56:16.895380",917
101,878,"2019-04-14 16:02:17.651121","2019-04-14 16:02:17.651121",918
101,879,"2019-04-14 16:09:06.633364","2019-04-14 16:09:06.633364",919
106,880,"2019-05-01 19:48:22.987478","2019-05-01 19:48:22.987478",920
106,881,"2019-05-01 19:53:22.460752","2019-05-01 19:53:22.460752",921
106,882,"2019-05-01 19:57:00.037887","2019-05-01 19:57:00.037887",922
106,884,"2019-05-01 20:01:03.782571","2019-05-01 20:01:03.782571",924
106,886,"2019-05-01 20:07:05.639178","2019-05-01 20:07:05.639178",926
106,887,"2019-05-03 01:00:07.784494","2019-05-03 01:00:07.784494",927
106,888,"2019-05-03 01:02:30.314216","2019-05-03 01:02:30.314216",928
106,889,"2019-05-03 01:06:18.903258","2019-05-03 01:06:18.903258",929
106,890,"2019-05-03 01:09:44.188230","2019-05-03 01:09:44.188230",930
107,891,"2019-05-11 12:47:07.298928","2019-05-11 12:47:07.298928",931
107,892,"2019-05-11 12:48:42.443271","2019-05-11 12:48:42.443271",932
107,893,"2019-05-11 12:50:14.923803","2019-05-11 12:50:14.923803",933
107,894,"2019-05-11 19:27:10.266603","2019-05-11 19:27:10.266603",934
107,895,"2019-05-13 14:22:45.945480","2019-05-13 14:22:45.945480",935
107,896,"2019-05-13 14:29:26.371014","2019-05-13 14:29:26.371014",936
106,897,"2019-05-13 15:20:33.564410","2019-05-13 15:20:33.564410",937
106,898,"2019-05-13 15:25:35.559197","2019-05-13 15:25:35.559197",938
106,900,"2019-05-13 15:29:25.137670","2019-05-13 15:29:25.137670",940
107,901,"2019-05-13 17:39:36.135399","2019-05-13 17:39:36.135399",941
107,902,"2019-05-17 23:39:30.145233","2019-05-17 23:39:30.145233",942
107,903,"2019-05-17 23:42:09.838508","2019-05-17 23:42:09.838508",943
107,904,"2019-05-18 00:50:17.063735","2019-05-18 00:50:17.063735",944
107,905,"2019-05-18 00:53:31.653831","2019-05-18 00:53:31.653831",945
107,906,"2019-05-18 00:57:54.767418","2019-05-18 00:57:54.767418",946
107,907,"2019-05-18 01:00:57.792258","2019-05-18 01:00:57.792258",947
107,908,"2019-05-18 01:04:07.116422","2019-05-18 01:04:07.116422",948
107,909,"2019-05-18 01:07:29.504978","2019-05-18 01:07:29.504978",949
107,910,"2019-05-18 13:22:40.384272","2019-05-18 13:22:40.384272",950
107,911,"2019-05-19 10:57:28.860610","2019-05-19 10:57:28.860610",951
107,912,"2019-05-19 16:26:28.927542","2019-05-19 16:26:28.927542",952
107,913,"2019-05-19 17:07:33.801503","2019-05-19 17:07:33.801503",953
107,914,"2019-05-19 17:09:36.146600","2019-05-19 17:09:36.146600",954
101,915,"2019-05-19 21:18:49.041835","2019-05-19 21:18:49.041835",955
101,916,"2019-05-19 21:25:41.569079","2019-05-19 21:25:41.569079",956
107,917,"2019-05-27 23:30:28.177976","2019-05-27 23:30:28.177976",957
107,918,"2019-05-28 00:24:33.853250","2019-05-28 00:24:33.853250",958
